INSERT INTO Veterinaria(rut, nombre) VALUES('90987965','Patitas');
INSERT INTO Veterinaria(rut, nombre) VALUES('90587765','Garritas');
INSERT INTO Veterinaria(rut, nombre) VALUES('90900965','Pet Salud');
INSERT INTO Veterinaria(rut, nombre) VALUES('90857965','Integravet');
INSERT INTO Veterinaria(rut, nombre) VALUES('90987005','Mevet');
INSERT INTO Veterinaria(rut, nombre) VALUES('90763545','Vetland');
INSERT INTO Veterinaria(rut, nombre) VALUES('90196535','San Sebastian');
INSERT INTO Veterinaria(rut, nombre) VALUES('90735465','Pepivet');
INSERT INTO Veterinaria(rut, nombre) VALUES('90005895','Bon Amie');
INSERT INTO Veterinaria(rut, nombre) VALUES('90964355','VETs');
INSERT INTO Veterinaria(rut, nombre) VALUES('90674785','Diverzoovet');
INSERT INTO Veterinaria(rut, nombre) VALUES('80439795','Vida Sana');
INSERT INTO Veterinaria(rut, nombre) VALUES('97352432','Cafati');
INSERT INTO Veterinaria(rut, nombre) VALUES('97013564','Santa Raquel');
INSERT INTO Veterinaria(rut, nombre) VALUES('90579834','Vetcamas');
INSERT INTO Veterinaria(rut, nombre) VALUES('90376826','San Ignacio');
INSERT INTO Veterinaria(rut, nombre) VALUES('90679345','Diego Silva');
INSERT INTO Veterinaria(rut, nombre) VALUES('90316458','San Blas');
INSERT INTO Veterinaria(rut, nombre) VALUES('90793842','Vets Care');
INSERT INTO Veterinaria(rut, nombre) VALUES('90463425','Marceven');

INSERT INTO Sucursal(num_permiso, telefono, direccion, refVeterinaria) VALUES('16489','264978','14 oriente 5 sur, Talca', '90987965');
INSERT INTO Sucursal(num_permiso, telefono, direccion, refVeterinaria) VALUES('34534','249799','29 oriente con 2 sur', '90587765');
INSERT INTO Sucursal(num_permiso, telefono, direccion, refVeterinaria) VALUES('49568','457979','colin 151', '90900965');
INSERT INTO Sucursal(num_permiso, telefono, direccion, refVeterinaria) VALUES('14717','569879','32 sur 787', '90857965');
INSERT INTO Sucursal(num_permiso, telefono, direccion, refVeterinaria) VALUES('78978','231646','18 sur 971', '90987005');
INSERT INTO Sucursal(num_permiso, telefono, direccion, refVeterinaria) VALUES('69688','125469','18 sur con 6 poniente', '90763545');
INSERT INTO Sucursal(num_permiso, telefono, direccion, refVeterinaria) VALUES('33565','346959','Veintiseis sur 255', '90196535');
INSERT INTO Sucursal(num_permiso, telefono, direccion, refVeterinaria) VALUES('78989','697986','Diecisiete sur 544', '90735465');
INSERT INTO Sucursal(num_permiso, telefono, direccion, refVeterinaria) VALUES('56869','154989','Macul, Santiago', '90005895');
INSERT INTO Sucursal(num_permiso, telefono, direccion, refVeterinaria) VALUES('14234','369798','Providencia, Santiago', '90964355');
INSERT INTO Sucursal(num_permiso, telefono, direccion, refVeterinaria) VALUES('34976','335494','Santiago, Chile', '90674785');
INSERT INTO Sucursal(num_permiso, telefono, direccion, refVeterinaria) VALUES('27976','316498','Santiago, Chile', '80439795');
INSERT INTO Sucursal(num_permiso, telefono, direccion, refVeterinaria) VALUES('36878','649798','Providencia, Santiago', '97013564');
INSERT INTO Sucursal(num_permiso, telefono, direccion, refVeterinaria) VALUES('76898','316498','Santiago, Chile', '90579834');
INSERT INTO Sucursal(num_permiso, telefono, direccion, refVeterinaria) VALUES('23868','349798','San Miguel, Santiago', '90376826');
INSERT INTO Sucursal(num_permiso, telefono, direccion, refVeterinaria) VALUES('77567','154686','Conchali, Santiago', '90679345');
INSERT INTO Sucursal(num_permiso, telefono, direccion, refVeterinaria) VALUES('23468','367851','Santiago, Las Condes, Chile', '90316458');
INSERT INTO Sucursal(num_permiso, telefono, direccion, refVeterinaria) VALUES('79689','316487','Santiago, Chile', '90793842');
INSERT INTO Sucursal(num_permiso, telefono, direccion, refVeterinaria) VALUES('43568','164875','Nuñoa, Santiago', '90463425');
INSERT INTO Sucursal(num_permiso, telefono, direccion, refVeterinaria) VALUES('45868','256985','Parque Americo Vespucio Sur 5269', '97352432');

INSERT INTO Medico(run, email, nombre, appaterno, apmaterno, refsucursal) VALUES('16565892-2','medico01@gmail.com','Lorena','Castillo','Morales','16489');
INSERT INTO Medico(run, email, nombre, appaterno, apmaterno, refsucursal) VALUES('24271426-1','medico02@gmail.com','Daniel','Aguilar','Aguilar','34534');
INSERT INTO Medico(run, email, nombre, appaterno, apmaterno, refsucursal) VALUES('22666430-0','medico03@gmail.com','David','Morales','Garcia','49568');
INSERT INTO Medico(run, email, nombre, appaterno, apmaterno, refsucursal) VALUES('21691096-6','medico04@gmail.com','Aaron','Munoz','Aguilar','14717');
INSERT INTO Medico(run, email, nombre, appaterno, apmaterno, refsucursal) VALUES('9343931-7','medico015gmail.com','Alvaro','Flores','Gutierrez','78978');
INSERT INTO Medico(run, email, nombre, appaterno, apmaterno, refsucursal) VALUES('10049833-2','medico06@gmail.com','Carolina','Garcia','Garcia','69688');
INSERT INTO Medico(run, email, nombre, appaterno, apmaterno, refsucursal) VALUES('19851819-0','medico07@gmail.com','Nadia','Montero','Aguilar','33565');
INSERT INTO Medico(run, email, nombre, appaterno, apmaterno, refsucursal) VALUES('12681200-0','medico08@gmail.com','Gonzalo','Alvarez','Fernandez','78989');
INSERT INTO Medico(run, email, nombre, appaterno, apmaterno, refsucursal) VALUES('5850336-3','medico019gmail.com','Berta','Serrano','Garcia','56869');
INSERT INTO Medico(run, email, nombre, appaterno, apmaterno, refsucursal) VALUES('20145722-k','medico010@gmail.com','Juan','Ferrer','Fernandez','14234');
INSERT INTO Medico(run, email, nombre, appaterno, apmaterno, refsucursal) VALUES('22812541-5','medico011@gmail.com','Nicolas','Ibanez','Ferrer','34976');
INSERT INTO Medico(run, email, nombre, appaterno, apmaterno, refsucursal) VALUES('12761401-6','medico012@gmail.com','Fernando','Fernandez','Aguilar','27976');
INSERT INTO Medico(run, email, nombre, appaterno, apmaterno, refsucursal) VALUES('23295628-3','medico013@gmail.com','Nicolas','Ramos','Fernandez','36878');
INSERT INTO Medico(run, email, nombre, appaterno, apmaterno, refsucursal) VALUES('10254249-5','medico014@gmail.com','Lara','Lozano','Ferrer','76898');
INSERT INTO Medico(run, email, nombre, appaterno, apmaterno, refsucursal) VALUES('9307769-5','medico015@gmail.com','Carolina','Ibanez','Ramos','23868');
INSERT INTO Medico(run, email, nombre, appaterno, apmaterno, refsucursal) VALUES('15275446-9','medico016@gmail.com','Adriana','Garcia','Ramos','77567');
INSERT INTO Medico(run, email, nombre, appaterno, apmaterno, refsucursal) VALUES('5061496-4','medico017@gmail.com','Aaron','Montero','Gutierrez','23468');
INSERT INTO Medico(run, email, nombre, appaterno, apmaterno, refsucursal) VALUES('23042589-2','medico018@gmail.com','Marcos','Dominguez','Ferrer','79689');
INSERT INTO Medico(run, email, nombre, appaterno, apmaterno, refsucursal) VALUES('22111952-5','medico019@gmail.com','Oscar','Serrano','Gomez','43568');
INSERT INTO Medico(run, email, nombre, appaterno, apmaterno, refsucursal) VALUES('6967733-9','medico020@gmail.com','Fernando','Garcia','Gomez','45868');

INSERT INTO espmedico(refmedico, especialidad) VALUES('16565892-2','Odontologia canina');
INSERT INTO espmedico(refmedico, especialidad) VALUES('24271426-1','Odontologia felina');
INSERT INTO espmedico(refmedico, especialidad) VALUES('22666430-0','Oftalmologia canina');
INSERT INTO espmedico(refmedico, especialidad) VALUES('21691096-6','Oftalmologia felina');
INSERT INTO espmedico(refmedico, especialidad) VALUES('9343931-7','Radiologia veterinaria');
INSERT INTO espmedico(refmedico, especialidad) VALUES('10049833-2','Radiologia veterinaria');
INSERT INTO espmedico(refmedico, especialidad) VALUES('19851819-0','Oncologia Veterinaria');
INSERT INTO espmedico(refmedico, especialidad) VALUES('5850336-3','Oncologia Veterinaria');
INSERT INTO espmedico(refmedico, especialidad) VALUES('20145722-k','Odontologia canina');
INSERT INTO espmedico(refmedico, especialidad) VALUES('22812541-5','Ortopedia veterinaria');
INSERT INTO espmedico(refmedico, especialidad) VALUES('12761401-6','Oftalmologia felina');
INSERT INTO espmedico(refmedico, especialidad) VALUES('23295628-3','Radiologia veterinaria');
INSERT INTO espmedico(refmedico, especialidad) VALUES('10254249-5','Odontologia canina');
INSERT INTO espmedico(refmedico, especialidad) VALUES('9307769-5','Ortopedia veterinaria');
INSERT INTO espmedico(refmedico, especialidad) VALUES('15275446-9','Oftalmologia felina');
INSERT INTO espmedico(refmedico, especialidad) VALUES('5061496-4','Cirugia');
INSERT INTO espmedico(refmedico, especialidad) VALUES('23042589-2','Cirugia');
INSERT INTO espmedico(refmedico, especialidad) VALUES('22111952-5','Ortopedia veterinaria');
INSERT INTO espmedico(refmedico, especialidad) VALUES('6967733-9','Cirugia');
INSERT INTO espmedico(refmedico, especialidad) VALUES('12681200-0','Radiologia veterinaria');

INSERT INTO Cliente(run, email, nombre, appaterno, apmaterno, direccion, telefono) VALUES('18295593-0','email01@gmail.com' ,'Marco','Pascual', 'Munoz', 'Avenida Manuel Antonio Matta 1300', '97826413');
INSERT INTO Cliente(run, email, nombre, appaterno, apmaterno, direccion, telefono) VALUES('10506838-7','email02@gmail.com', 'David', 'Aguilar', 'Flores', 'Av Lib Bdo Ohiggins 2259', '91349785');
INSERT INTO Cliente(run, email, nombre, appaterno, apmaterno, direccion, telefono) VALUES('11265255-8','email03@gmail.com','Daniel', 'Alvarez', 'Montero', 'Av Eliodoro Yáñez 1649 Of 704', '63795484');
INSERT INTO Cliente(run, email, nombre, appaterno, apmaterno, direccion, telefono) VALUES('20376836-2','email04@gmail.com','Alvaro', 'Cabrera', 'Garcia', 'Calle Dos 9417 Pqueindutrial', '64989562');
INSERT INTO Cliente(run, email, nombre, appaterno, apmaterno, direccion, telefono) VALUES('22196519-1','email05@gmail.com', 'Aaron', 'Gomez', 'Gutierrez','San Sebastián 2711', '98748578');
INSERT INTO Cliente(run, email, nombre, appaterno, apmaterno, direccion, telefono) VALUES('13483567-2','email06@gmail.com', 'Gonzalo', 'Hernandez', 'Ibanez', 'Av 11 De Septiembre 2250 P 5ú','92484745');
INSERT INTO Cliente(run, email, nombre, appaterno, apmaterno, direccion, telefono) VALUES('15170212-0','email07@gmail.com', 'Angela', 'Vidal', 'Ferrer', 'Av Libertador Bernardo O©higgins 2652', '67951684');
INSERT INTO Cliente(run, email, nombre, appaterno, apmaterno, direccion, telefono) VALUES('6971234-7','email018gmail.com', 'Adriana', 'Fernandez','Serrano', '6 Oriente 957', '95787884');
INSERT INTO Cliente(run, email, nombre, appaterno, apmaterno, direccion, telefono) VALUES('10949983-8','email09@gmail.com', 'Carolina', 'Lozano','Dominguez', 'Calle Molina 380 Esqsalvador Donoso', '94855613');
INSERT INTO Cliente(run, email, nombre, appaterno, apmaterno, direccion, telefono) VALUES('13062984-9','email010@gmail.com', 'Nadia', 'Leon','Ramos', 'Calle Santa Magdalena 116', '62497979');
INSERT INTO Cliente(run, email, nombre, appaterno, apmaterno, direccion, telefono) VALUES('8454610-0','email011@gmail.com', 'Lara', 'Blanco', 'Aguilar', 'Av Comandante San Martín 693 Playa La Lisera', '89597956');
INSERT INTO Cliente(run, email, nombre, appaterno, apmaterno, direccion, telefono) VALUES('15373753-3','email012@gmail.com', 'Berta', 'Alvarez', 'Delgado', 'Av Presidente Kennedy 5413 Las Condes','96896245');
INSERT INTO Cliente(run, email, nombre, appaterno, apmaterno, direccion, telefono) VALUES('17164621-9','email013@gmail.com', 'Celia', 'Torres', 'Blanco', 'Calle Guillermo Gallardo 489','98565132');
INSERT INTO Cliente(run, email, nombre, appaterno, apmaterno, direccion, telefono) VALUES('21438489-2','email014@gmail.com', 'Marta', 'Morales','Dominguez', 'Av Américo Vespucio 01180 Quilicura','65798432');
INSERT INTO Cliente(run, email, nombre, appaterno, apmaterno, direccion, telefono) VALUES('13939973-0','email015@gmail.com', 'Alonso', 'Hernandez', 'Diaz', 'Antonio López De Bello 0104 Providencia','98777466');
INSERT INTO Cliente(run, email, nombre, appaterno, apmaterno, direccion, telefono) VALUES('16996142-5','email016@gmail.com', 'Juan', 'Ferrer', 'Roman', 'Av Huáscar 1210 Maipú', '92316466');
INSERT INTO Cliente(run, email, nombre, appaterno, apmaterno, direccion, telefono) VALUES('19400158-4','email017@gmail.com', 'Miguel', 'Garrido', 'Montero', 'Calle 8 Norte 310', '94959633');
INSERT INTO Cliente(run, email, nombre, appaterno, apmaterno, direccion, telefono) VALUES('21253947-3','email018@gmail.com', 'Luis', 'Vargas', 'Reyes', 'Calle Gabriel Gonzalez Videla 1898', '81646947');
INSERT INTO Cliente(run, email, nombre, appaterno, apmaterno, direccion, telefono) VALUES('22992706-k','email019@gmail.com', 'Juan', 'Sanchez','Roman', 'Calle Ingeniero Budge 1074', '89556231');
INSERT INTO Cliente(run, email, nombre, appaterno, apmaterno, direccion, telefono) VALUES('16485883-9','email020@gmail.com', 'Jesus', 'Leon', 'Vidal', 'Calle Santa Lucía 581 B Llolleo', '85444162');

INSERT INTO Mascota(num_registro, nombre, edad, sexo, peso, diametro, estatura, largo, especie, fecharegistro, refcliente) VALUES('01','pocki','5','macho','15','10','2','5','Felino','06-11-2017','18295593-0');
INSERT INTO Mascota(num_registro, nombre, edad, sexo, peso, diametro, estatura, largo, especie, fecharegistro, refcliente) VALUES('02','Melody','7','hembra','20','10','2','5','Canino','06-11-2017','10506838-7');
INSERT INTO Mascota(num_registro, nombre, edad, sexo, peso, diametro, estatura, largo, especie, fecharegistro, refcliente) VALUES('03','Zira','4','hembra','10','10','2','5','Canino','06-11-2017','11265255-8');
INSERT INTO Mascota(num_registro, nombre, edad, sexo, peso, diametro, estatura, largo, especie, fecharegistro, refcliente) VALUES('04','beno','3','macho','11','10','2','5','Felino','06-11-2017','20376836-2');
INSERT INTO Mascota(num_registro, nombre, edad, sexo, peso, diametro, estatura, largo, especie, fecharegistro, refcliente) VALUES('05','kayser','2','macho','6','10','2','5','Canino','06-11-2017','22196519-1');
INSERT INTO Mascota(num_registro, nombre, edad, sexo, peso, diametro, estatura, largo, especie, fecharegistro, refcliente) VALUES('06','almendra','9','hembra','7','10','2','5','Canino','06-11-2017','13483567-2');
INSERT INTO Mascota(num_registro, nombre, edad, sexo, peso, diametro, estatura, largo, especie, fecharegistro, refcliente) VALUES('07','kira','6','hembra','9','10','2','5','Felino','06-11-2017','15170212-0');
INSERT INTO Mascota(num_registro, nombre, edad, sexo, peso, diametro, estatura, largo, especie, fecharegistro, refcliente) VALUES('08','Chase','7','hembra','13','10','2','5','Felino','06-11-2017','6971234-7');
INSERT INTO Mascota(num_registro, nombre, edad, sexo, peso, diametro, estatura, largo, especie, fecharegistro, refcliente) VALUES('09','mordelona','4','hembra','12','10','2','5','Canino','06-11-2017','10949983-8');
INSERT INTO Mascota(num_registro, nombre, edad, sexo, peso, diametro, estatura, largo, especie, fecharegistro, refcliente) VALUES('010','sol','5','hembra','10','10','2','5','Canino','06-11-2017','13062984-9');
INSERT INTO Mascota(num_registro, nombre, edad, sexo, peso, diametro, estatura, largo, especie, fecharegistro, refcliente) VALUES('011','loki','5','macho','14','10','2','5','Canino','06-11-2017','8454610-0');
INSERT INTO Mascota(num_registro, nombre, edad, sexo, peso, diametro, estatura, largo, especie, fecharegistro, refcliente) VALUES('012','ginger','4','macho','8','10','2','5','Felino','06-11-2017','15373753-3');
INSERT INTO Mascota(num_registro, nombre, edad, sexo, peso, diametro, estatura, largo, especie, fecharegistro, refcliente) VALUES('013','mordelon','3','macho','9','10','2','5','Canino','06-11-2017','17164621-9');
INSERT INTO Mascota(num_registro, nombre, edad, sexo, peso, diametro, estatura, largo, especie, fecharegistro, refcliente) VALUES('014','tabitha','2','hembra','13','10','2','5','Felino','06-11-2017','21438489-2');
INSERT INTO Mascota(num_registro, nombre, edad, sexo, peso, diametro, estatura, largo, especie, fecharegistro, refcliente) VALUES('015','coffee','2','macho','15','10','2','5','Canino','06-11-2017','13939973-0');
INSERT INTO Mascota(num_registro, nombre, edad, sexo, peso, diametro, estatura, largo, especie, fecharegistro, refcliente) VALUES('016','milly','6','hembra','15','10','2','5','Felino','06-11-2017','16996142-5');
INSERT INTO Mascota(num_registro, nombre, edad, sexo, peso, diametro, estatura, largo, especie, fecharegistro, refcliente) VALUES('017','chip','8','macho','14','10','2','5','Felino','06-11-2017','19400158-4');
INSERT INTO Mascota(num_registro, nombre, edad, sexo, peso, diametro, estatura, largo, especie, fecharegistro, refcliente) VALUES('018','sara','5','hembra','11','10','2','5','Canino','06-11-2017','21253947-3');
INSERT INTO Mascota(num_registro, nombre, edad, sexo, peso, diametro, estatura, largo, especie, fecharegistro, refcliente) VALUES('019','cholo','4','macho','10','10','2','5','Canino','06-11-2017','22992706-k');
INSERT INTO Mascota(num_registro, nombre, edad, sexo, peso, diametro, estatura, largo, especie, fecharegistro, refcliente) VALUES('020','reina','3','hembra','9','10','2','5','Felino','06-11-2017','16485883-9');

INSERT INTO Moderador(run, email, nombre, appaterno, apmaterno, refveterinaria) VALUES('21297679-2','moderador01@gmail.com', 'Nicolas', 'Alvarez', 'Caballero','90987965');
INSERT INTO Moderador(run, email, nombre, appaterno, apmaterno, refveterinaria) VALUES('17523363-6','moderador02@gmail.com','Fernando', 'Munoz', 'Cortes', '90587765');
INSERT INTO Moderador(run, email, nombre, appaterno, apmaterno, refveterinaria) VALUES('22616733-1','moderador03@gmail.com','Nicolas','Mora','Reyes','90900965');
INSERT INTO Moderador(run, email, nombre, appaterno, apmaterno, refveterinaria) VALUES('18439901-6','moderador04@gmail.com','Marcos','Nunez','Jimenez','90857965');
INSERT INTO Moderador(run, email, nombre, appaterno, apmaterno, refveterinaria) VALUES('22988361-5','moderador05@gmail.com','Victor','Calvo','Fuentes','90987005');
INSERT INTO Moderador(run, email, nombre, appaterno, apmaterno, refveterinaria) VALUES('20083569-7','moderador06@gmail.com','Nicolas','Aguilar','Castro','90763545');
INSERT INTO Moderador(run, email, nombre, appaterno, apmaterno, refveterinaria) VALUES('21490614-7','moderador07@gmail.com','Antonio','Herrera','Fernandez','90196535');
INSERT INTO Moderador(run, email, nombre, appaterno, apmaterno, refveterinaria) VALUES('14289251-0','moderador08@gmail.com','Javier','Diaz','Santana','90735465');
INSERT INTO Moderador(run, email, nombre, appaterno, apmaterno, refveterinaria) VALUES('17222634-5','moderador09@gmail.com','Omar','Molina','Garrido','90005895');
INSERT INTO Moderador(run, email, nombre, appaterno, apmaterno, refveterinaria) VALUES('13846732-5','moderador010@gmail.com','Jose Manuel','Caballero','Gallego','90964355');
INSERT INTO Moderador(run, email, nombre, appaterno, apmaterno, refveterinaria) VALUES('15033790-9','moderador011@gmail.com','Oscar','Molina','Gomez','90674785');
INSERT INTO Moderador(run, email, nombre, appaterno, apmaterno, refveterinaria) VALUES('19870092-4','moderador012@gmail.com','Arturo','Medina','Gutierrez','97352432');
INSERT INTO Moderador(run, email, nombre, appaterno, apmaterno, refveterinaria) VALUES('6921795-8','moderador013@gmail.com','Mario','Serrano','Moya','97013564');
INSERT INTO Moderador(run, email, nombre, appaterno, apmaterno, refveterinaria) VALUES('14727448-3','moderador014@gmail.com','Hugo','Garrido','Hidalgo','90579834');
INSERT INTO Moderador(run, email, nombre, appaterno, apmaterno, refveterinaria) VALUES('12537056-k','moderador015@gmail.com','Oscar','Serrano','Campos','90376826');
INSERT INTO Moderador(run, email, nombre, appaterno, apmaterno, refveterinaria) VALUES('13696306-6','moderador016@gmail.com','Jesus','Cortes','Soto','90679345');
INSERT INTO Moderador(run, email, nombre, appaterno, apmaterno, refveterinaria) VALUES('15497932-8','moderador017@gmail.com','Pablo','Pena','Prieto','90316458');
INSERT INTO Moderador(run, email, nombre, appaterno, apmaterno, refveterinaria) VALUES('21782769-8','moderador018@gmail.com','Martin','Santos','Moya','90793842');
INSERT INTO Moderador(run, email, nombre, appaterno, apmaterno, refveterinaria) VALUES('23533428-3','moderador019@gmail.com','Marcos','Jimenez','Ramirez','90463425');
INSERT INTO Moderador(run, email, nombre, appaterno, apmaterno, refveterinaria) VALUES('14825115-0','moderador020@gmail.com','Gonzalo','Munoz','Morales','80439795');

INSERT INTO Comentario(codigo, fecha, hora, texto, refveterinaria, refcliente) VALUES('c1','05-11-2017','11:40','buena atencion','90900965','18295593-0');
INSERT INTO Comentario(codigo, fecha, hora, texto, refveterinaria, refcliente) VALUES('c2','02-11-2017','12:11','faltan medicos','90900965','10949983-8');
INSERT INTO Comentario(codigo, fecha, hora, texto, refveterinaria, refcliente) VALUES('c3','03-11-2017','10:10','se demoraron en atenderme','90900965','13062984-9');
INSERT INTO Comentario(codigo, fecha, hora, texto, refveterinaria, refcliente) VALUES('c4','05-11-2017','09:25','me cancelaron la hora sin avisarme','90674785','21438489-2');
INSERT INTO Comentario(codigo, fecha, hora, texto, refveterinaria, refcliente) VALUES('c5','07-11-2017','23:37','muy buena veterinaria','90579834','22992706-k');
INSERT INTO Comentario(codigo, fecha, hora, texto, refveterinaria, refcliente) VALUES('c6','01-11-2017','22:55','recomendada','90674785','19400158-4');
INSERT INTO Comentario(codigo, fecha, hora, texto, refveterinaria, refcliente) VALUES('c7','02-11-2017','08:59','excelente','90463425','16996142-5');
INSERT INTO Comentario(codigo, fecha, hora, texto, refveterinaria, refcliente) VALUES('c8','02-11-2017','13:02','pesima atencion','90463425','21438489-2');
INSERT INTO Comentario(codigo, fecha, hora, texto, refveterinaria, refcliente) VALUES('c9','02-11-2017','14:47','no habian horas disponibles','90579834','13939973-0');
INSERT INTO Comentario(codigo, fecha, hora, texto, refveterinaria, refcliente) VALUES('c10','03-11-2017','15:48','mejoren los horarios de atencion','90674785','19400158-4');
INSERT INTO Comentario(codigo, fecha, hora, texto, refveterinaria, refcliente) VALUES('c11','03-11-2017','18:41','excelente atencion','90196535','16485883-9');
INSERT INTO Comentario(codigo, fecha, hora, texto, refveterinaria, refcliente) VALUES('c12','03-11-2017','19:30','atencion muy buena','90196535','16996142-5');
INSERT INTO Comentario(codigo, fecha, hora, texto, refveterinaria, refcliente) VALUES('c13','01-11-2017','17:39','atencion rapida y excelente','90196535','16996142-5');
INSERT INTO Comentario(codigo, fecha, hora, texto, refveterinaria, refcliente) VALUES('c14','04-11-2017','16:27','veterinarios bien capacitados','90674785','18295593-0');
INSERT INTO Comentario(codigo, fecha, hora, texto, refveterinaria, refcliente) VALUES('c15','04-11-2017','13:40','todo mal','90987005','13062984-9');
INSERT INTO Comentario(codigo, fecha, hora, texto, refveterinaria, refcliente) VALUES('c16','01-11-2017','11:58','no me quisieron atender','90987005','16485883-9');
INSERT INTO Comentario(codigo, fecha, hora, texto, refveterinaria, refcliente) VALUES('c17','02-11-2017','11:45','muy cara la atencion','90857965','10949983-8');
INSERT INTO Comentario(codigo, fecha, hora, texto, refveterinaria, refcliente) VALUES('c18','02-11-2017','12:26','atendieron a mi mascota rapidamente','90857965','13939973-0');
INSERT INTO Comentario(codigo, fecha, hora, texto, refveterinaria, refcliente) VALUES('c19','05-11-2017','18:53','buena','90674785','22992706-k');
INSERT INTO Comentario(codigo, fecha, hora, texto, refveterinaria, refcliente) VALUES('c20','05-11-2017','19:40','todo ok','90674785','18295593-0');

INSERT INTO revisar_comentario(refmoderador, refcomentario) VALUES('22616733-1','c1');
INSERT INTO revisar_comentario(refmoderador, refcomentario) VALUES('22616733-1','c2');
INSERT INTO revisar_comentario(refmoderador, refcomentario) VALUES('22616733-1','c3');
INSERT INTO revisar_comentario(refmoderador, refcomentario) VALUES('15033790-9','c4');
INSERT INTO revisar_comentario(refmoderador, refcomentario) VALUES('14727448-3','c5');
INSERT INTO revisar_comentario(refmoderador, refcomentario) VALUES('15033790-9','c6');
INSERT INTO revisar_comentario(refmoderador, refcomentario) VALUES('23533428-3','c7');
INSERT INTO revisar_comentario(refmoderador, refcomentario) VALUES('23533428-3','c8');
INSERT INTO revisar_comentario(refmoderador, refcomentario) VALUES('14727448-3','c9');
INSERT INTO revisar_comentario(refmoderador, refcomentario) VALUES('15033790-9','c10');
INSERT INTO revisar_comentario(refmoderador, refcomentario) VALUES('21490614-7','c11');
INSERT INTO revisar_comentario(refmoderador, refcomentario) VALUES('21490614-7','c12');
INSERT INTO revisar_comentario(refmoderador, refcomentario) VALUES('21490614-7','c13');
INSERT INTO revisar_comentario(refmoderador, refcomentario) VALUES('15033790-9','c14');
INSERT INTO revisar_comentario(refmoderador, refcomentario) VALUES('22988361-5','c15');
INSERT INTO revisar_comentario(refmoderador, refcomentario) VALUES('22988361-5','c16');
INSERT INTO revisar_comentario(refmoderador, refcomentario) VALUES('18439901-6','c17');
INSERT INTO revisar_comentario(refmoderador, refcomentario) VALUES('18439901-6','c18');
INSERT INTO revisar_comentario(refmoderador, refcomentario) VALUES('15033790-9','c19');
INSERT INTO revisar_comentario(refmoderador, refcomentario) VALUES('15033790-9','c20');

INSERT INTO horaconsulta(codigo, fecha, hora) VALUES('c01','05-11-2017','08:00');
INSERT INTO horaconsulta(codigo, fecha, hora) VALUES('c02','05-11-2017','08:30');
INSERT INTO horaconsulta(codigo, fecha, hora) VALUES('c03','05-11-2017','09:00');
INSERT INTO horaconsulta(codigo, fecha, hora) VALUES('c04','05-11-2017','09:30');
INSERT INTO horaconsulta(codigo, fecha, hora) VALUES('c05','05-11-2017','10:00');
INSERT INTO horaconsulta(codigo, fecha, hora) VALUES('c06','05-11-2017','10:30');
INSERT INTO horaconsulta(codigo, fecha, hora) VALUES('c07','05-11-2017','11:00');
INSERT INTO horaconsulta(codigo, fecha, hora) VALUES('c08','05-11-2017','11:30');
INSERT INTO horaconsulta(codigo, fecha, hora) VALUES('c09','05-11-2017','12:00');
INSERT INTO horaconsulta(codigo, fecha, hora) VALUES('c010','05-11-2017','12:30');
INSERT INTO horaconsulta(codigo, fecha, hora) VALUES('c011','05-11-2017','13:00');
INSERT INTO horaconsulta(codigo, fecha, hora) VALUES('c012','05-11-2017','13:30');
INSERT INTO horaconsulta(codigo, fecha, hora) VALUES('c013','05-11-2017','14:00');
INSERT INTO horaconsulta(codigo, fecha, hora) VALUES('c014','05-11-2017','14:30');
INSERT INTO horaconsulta(codigo, fecha, hora) VALUES('c015','05-11-2017','15:00');
INSERT INTO horaconsulta(codigo, fecha, hora) VALUES('c016','05-11-2017','15:30');
INSERT INTO horaconsulta(codigo, fecha, hora) VALUES('c017','05-11-2017','16:00');
INSERT INTO horaconsulta(codigo, fecha, hora) VALUES('c018','05-11-2017','16:30');
INSERT INTO horaconsulta(codigo, fecha, hora) VALUES('c019','05-11-2017','17:00');
INSERT INTO horaconsulta(codigo, fecha, hora) VALUES('c020','05-11-2017','17:30');

INSERT INTO reserva_hora(refhoraconsulta, refmedico, refmascota) VALUES('c01','16565892-2','01');
INSERT INTO reserva_hora(refhoraconsulta, refmedico, refmascota) VALUES('c02','24271426-1','02');
INSERT INTO reserva_hora(refhoraconsulta, refmedico, refmascota) VALUES('c03','22666430-0','03');
INSERT INTO reserva_hora(refhoraconsulta, refmedico, refmascota) VALUES('c04','21691096-6','04');
INSERT INTO reserva_hora(refhoraconsulta, refmedico, refmascota) VALUES('c05','9343931-7','05');
INSERT INTO reserva_hora(refhoraconsulta, refmedico, refmascota) VALUES('c06','10049833-2','06');
INSERT INTO reserva_hora(refhoraconsulta, refmedico, refmascota) VALUES('c07','19851819-0','07');
INSERT INTO reserva_hora(refhoraconsulta, refmedico, refmascota) VALUES('c08','12681200-0','08');
INSERT INTO reserva_hora(refhoraconsulta, refmedico, refmascota) VALUES('c09','5850336-3','09');
INSERT INTO reserva_hora(refhoraconsulta, refmedico, refmascota) VALUES('c010','20145722-k','010');
INSERT INTO reserva_hora(refhoraconsulta, refmedico, refmascota) VALUES('c011','22812541-5','011');
INSERT INTO reserva_hora(refhoraconsulta, refmedico, refmascota) VALUES('c012','12761401-6','012');
INSERT INTO reserva_hora(refhoraconsulta, refmedico, refmascota) VALUES('c013','23295628-3','013');
INSERT INTO reserva_hora(refhoraconsulta, refmedico, refmascota) VALUES('c014','10254249-5','014');
INSERT INTO reserva_hora(refhoraconsulta, refmedico, refmascota) VALUES('c015','9307769-5','015');
INSERT INTO reserva_hora(refhoraconsulta, refmedico, refmascota) VALUES('c016','15275446-9','016');
INSERT INTO reserva_hora(refhoraconsulta, refmedico, refmascota) VALUES('c017','5061496-4','017');
INSERT INTO reserva_hora(refhoraconsulta, refmedico, refmascota) VALUES('c018','23042589-2','018');
INSERT INTO reserva_hora(refhoraconsulta, refmedico, refmascota) VALUES('c019','22111952-5','019');
INSERT INTO reserva_hora(refhoraconsulta, refmedico, refmascota) VALUES('c020','6967733-9','020');

INSERT INTO es_cliente(refveterinaria, refcliente) VALUES('90987965','18295593-0');
INSERT INTO es_cliente(refveterinaria, refcliente) VALUES('90587765','10506838-7');
INSERT INTO es_cliente(refveterinaria, refcliente) VALUES('90900965','11265255-8');
INSERT INTO es_cliente(refveterinaria, refcliente) VALUES('90857965','20376836-2');
INSERT INTO es_cliente(refveterinaria, refcliente) VALUES('90987005','22196519-1');
INSERT INTO es_cliente(refveterinaria, refcliente) VALUES('90763545','13483567-2');
INSERT INTO es_cliente(refveterinaria, refcliente) VALUES('90196535','15170212-0');
INSERT INTO es_cliente(refveterinaria, refcliente) VALUES('90735465','6971234-7');
INSERT INTO es_cliente(refveterinaria, refcliente) VALUES('90005895','10949983-8');
INSERT INTO es_cliente(refveterinaria, refcliente) VALUES('90964355','13062984-9');
INSERT INTO es_cliente(refveterinaria, refcliente) VALUES('90674785','8454610-0');
INSERT INTO es_cliente(refveterinaria, refcliente) VALUES('80439795','15373753-3');
INSERT INTO es_cliente(refveterinaria, refcliente) VALUES('97352432','17164621-9');
INSERT INTO es_cliente(refveterinaria, refcliente) VALUES('97013564','21438489-2');
INSERT INTO es_cliente(refveterinaria, refcliente) VALUES('90579834','13939973-0');
INSERT INTO es_cliente(refveterinaria, refcliente) VALUES('90376826','16996142-5');
INSERT INTO es_cliente(refveterinaria, refcliente) VALUES('90679345','19400158-4');
INSERT INTO es_cliente(refveterinaria, refcliente) VALUES('90316458','21253947-3');
INSERT INTO es_cliente(refveterinaria, refcliente) VALUES('90793842','22992706-k');
INSERT INTO es_cliente(refveterinaria, refcliente) VALUES('90463425','16485883-9');